Allocation,Total CPU hours,Active,Users,Organization,Description,School
gahlmannlab,107.889,True,"shh9tc,mz4rv,ty4kd,ama5md,jr5ud,yw9et,jw4hr,jrp7ay,jz3nc,^ag5vu",as-chemistry,standard,CLAS
esnail-st,16666.1,True,"^mz6g,mr3mn,sr3qj",en-elec/computer_engr_dept,standard,SEAS
tongx,12601.7,True,"rgm4fd,ds4ue,jz9p,jm5ku,tz2tb,zk2n,^xt8b,sk6yz",as-psychology,standard,CLAS
danadiskchem,116.684,True,"^da4vn,arw6qz,lic3f,nb2ke",as-astronomy,standard,CLAS
g_econ_grads,460.68699999999995,True,"my2ct,gk9xs,yl2as,bnh3yf,bcl8ag,ig7xs,dap2rb,sip6fq,bf5qd,bpl3ae,xw2nj,sl3bd,rab9ze,js6ah,ewi2ht,eec3ah,yy5dp,asg3hm,njp8uw,mps2k,lz2ne,hh5nm,mh2vh,eak5rf,nle8ve,mmm5sd,arp5wc,alo3ja,ab3ja,dss3ej,zz5vc,se2uz,iv5wa,jl4eb,jj5fc,sd6fy,xm2e,sh6zf,md8bh,wc5hz,kb7ud,dta7dk,dg2df,dg9zf,mp5ba,ph4mr,jm4bh,dal2am,sl4rx,mmm5ff,dab3kv,mrl5pn,tl4bz,gz5ud,fmp5hd,yy5pt,gk3bf,xh6gf,dp4ck,nsm8ge,jss5hm,aat3ed,hak8cz,mfd3ww,mam3nn,mkm8kf,lds4be,btl3yv,do2n,np7em,zss3sf,dl5me,tt3cz,jz9en,bdw7gd,gt3hf,pk2vu,sb8xz,gbc4gr,srk2gc,acw9zc,gm2ud,sc3ch,wc4ue,hc2cc,^xx3fe,sd8dj",unknown,standard,Other
g_bme-epsteinlab,134.72899999999998,True,"mz8rr,xc8fb,fhe6b,cr6ye,xc7c,dbh2kk,cs3bs,hep6n,ma4bx,xf4j,an3qt,da9pc,ss8ma,mb5wt,yw8za,^sq9qd,jx8fh,jte6p",md-biom_biomedical_eng,standard,SOM
tianxilicomputing,1986.25,True,"rm9dd,qed4wg,^tl9ut",as-statistics,standard,CLAS
gcam,663.6619999999999,True,"scd5c,jgf5fz,ijn2br,sp3kk,wms5f,^afc7r,js7sq",en-eng_sys_and_environment,standard,SEAS
bii_covid_data,13.6603,True,"spd8r,dm8qs,ap3ub,alw4ey,^dx7fu,ak8mj,pp3kh",hs-biocomplexity_initiative,standard,BII
paolucci,178373.0,True,"as7pam,yg5fx,pkv2eu,as4prp,jz9gh,kw4pz,mis7we,ssb8tfr,at2ae,cl6jw,km6mg,ly3zs,aaj5dgv,caw9hb,nd2kng,dl8ve,pss4hk,akw7uj,xg8gh,^cp9wx,wpm4tb,sef7av,sw9uf,sv9yz,kn4xth,lw7sz",en-chem_engr_dept,start-up,SEAS
bishi,0.0119444,True,^bs6yk,md-bioc_biochem/mole_genetics,standard,SOM
netlinks,33.0861,True,"teh1m,dab3y,pmk8en,al4ng,nag4g,jmh5ad,mpb5y,^pqb4b",md-phar_pharmacology,standard,SOM
isl_uva,524.946,True,"cz6qt,ty2yy,jh3ex,^qc9nq,jm7gz,cl4kv",en-mech/aero_engr_dept,standard,SEAS
shengroup,2062.95,True,"^hs6ms,st5sz,sm6re",en-comp_science_dept,standard,SEAS
cphg-millerlab,75277.0,True,"mk9uc,wm5wt,amt2ug,yc5pa,dw2vr,sh8tv,ys2af,jts5pu,nbb5vf,rcl2r,ch2um,^cm6bt,pb2ae,ejd5mm,jjl5sw,pg3fa,hbh4bv,ai8psk,sk7ee,dm8ca,hzf8dk,jev4xy,dyq4ja",md-pbhs_public_health_sciences_admin,standard,SOM
kunduimaging,15.2694,True,"vs3ab,jcm4ns,rss5pa,^bkk5a,jas4be",md-radl_rad_research,standard,SOM
gaussian,0.00222222,,,,,
mgar,0.729722,True,"^pbp2s,jy9bf",as-dept_of_politics,standard,CLAS
cphg_ns5bc,105.15799999999999,True,"jtl2hk,jps3dp,ns5bc,mjs5kd,jev4xy,od5t,^rcl2r,bx2ur,eg8qe",md-cphg_ctr_for_public_health_genomics,standard,SOM
hdlab_computing,10.1567,True,"grs4de,xt8b,rgm4fd,ds4ue,yw3xs,mjm9ff,sks6ev,^smb3u",as-psychology,standard,CLAS
mgowda,1452.54,True,"ell2yvj,^mcm3ha",md-phar_pharmacology,standard,SOM
phys_nrf,7.18889,True,"tpm4gz,btd5ea,kn6vv,ea6v,cmn5kz,kw5wx,hc4pa,jhf5my,skk5ea,jc8kf,ajv8j,amw9cj,xb4zp,jcm6fv,hhk8rj,dm8bz,^nl8n,sj7sf,nbl3cj,vph7xu,pmf8ej",as-physics,standard,CLAS
vctir,13950.1,True,"rv8k,^mz9n,xz2dk",unknown,standard,Other
msds_capstones,379.594,True,"^jdv7g,cc5dh,sss2ea,dv6bq,hab5d,jw6mw,raf2dh,yaa2vb,aol4h,na5zn,ps4fk,bd6fr",as-psychology,instructional,CLAS
karen_schmidt_lab,0.052222199999999996,True,"tls8vx,^kmm4f",as-psychology,standard,CLAS
barnesgroup,392.9,True,"yh3cf,pr2sn,svp4y,sb5ce,sk9epp,njn5fg,aln2dh,mob3f,gd5ss,mka9db,dd3ar,sw2wm,^lb3dp,lc3cp",en-eng_sys_and_environment,standard,SEAS
g_bme-naeglelab,5.18389,True,"mr4wf,hep6n,nem2p,sr2cj,ldw6fph,sda7du,bj8th,km7yu,rs2tp,bx2ur,mic5jy,^kmn4mj,gem6va,oa4ux,sc8wf,rlp5fh,avm5ak",en-biomed_engr_dept,standard,SEAS
isentry,2140.87,True,"sciduct,awd5y,asw3xp,cc8dm,arw3s,jpr9c,^dm8qs",hs-biocomplexity_initiative,standard,BII
compthermokinetics,128218.0,True,"dc3gv,cf8yp,rmz4ed,kw7rr,yg3gw,^bz2s,rl3fz",en-mat_sci/engr_dept,start-up,SEAS
owens_rivanna,215.731,True,"as3gd,gf8kz,smt8n,sc3et,ko8xh,^gko,lss4f,jpg6qdf",md-mphy_mole_phys_&_biophysics,purchase,SOM
nsf-crisp-2019,19263.2,True,"sciduct,asv9v,avm6bk,tsk8va,^cjk8gx,mgh3x,lhm4v",pv-biocomplexity_initiative,standard,BII
kas_dev,1.8980599999999999,True,"pmk2f,jmh5sf,gac2tq,^mei2n,cnd7cy,eeb7kw,jws6pq",md-mphy_mole_phys_&_biophysics,standard,SOM
bergland-erickson,249.72,True,"aob2x,^pae3g",unknown,standard,Other
nssac_students,12371.0,True,"sciduct,ss4bz,ki5hd,dtn9rk,bh3an,st6ua,za3df,rm5nz,vm7gc,tsk8va,aeb2de,ap3ub,jho5ze,lw8bn,ah3wj,mb6xn,ms8jd,ar8aq,ec4kj,hlc5v,ss7mu,dep7sc,hw4ce,pks6mk,jd5ed,lhm4v,jdp8jb,ds5yb,kh8fb,cj9de,^dm8qs,zm8bh,ak8mj,ap4tq,gjs3qd,mgh3x,zq5au,hkz8wk,jy9nnv,ad2du,ae3xd,gh7vp,al7gc,mr4sz",hs-biocomplexity_initiative,standard,BII
kentyagi,442.142,True,"as8mv,atb6em,zrc2hs,st6tc,nj2nu,^ky5t",as-physics,standard,CLAS
civeleklab,4327.15,True,"da5rb,rnp4zh,jnr3hh,zx8uvc,ya8eb,ra4uz,dyl3pc,am8ce,jh9fa,qy5sy,wa3j,ra2qy,kw5km,js8hh,^mc2wq,unz2ra,sm3bu,jb2ar,fb7yg,eee4fj,cjg3kh,jrg6mh",md-biom_biomedical_eng,administrative,SOM
wrplab,92.9369,True,"dat2g,wjb7dc,^wrp,cbm4j,chd5n",md-bioc_biochem/mole_genetics,standard,SOM
joshcolston,139.231,True,"^jmc5cp,pjh2dz,na3au",md-inmd_infectious_dis,standard,SOM
mcmanusresearch,640.012,True,"^km8jr,sdp7xc,rvh2dp,rv6cun",md-inmd_infectious_dis,standard,SOM
gulermalarialab,8.67083,True,"ach4zt,sl5xa,nae3sa,^jlg5fw,ljd9az",as-biology,standard,CLAS
schausslab,33.1131,True,"^ps5nw,jy9ug,dag5jr",as-physics,standard,CLAS
muragroup,21525.9,True,"cm5dh,jjl5sw,ed4bu,sra3tj,ss3vy,yk4we,amn5ye,mj9hre,^cem4cq,mb3cr,smb3ghz",unknown,administrative,Other
designingised,44.0525,True,"jt6fz,^rrb5b",en-eng_sys_and_environment,standard,SEAS
cab_kerrigan_obese,682.4,True,"kr5df,bg5ah,sl5dq,zs2re,hj2vq,mkj4xz,hl5df,^jrk3z",en-mech/aero_engr_dept,purchase,SEAS
uva_stroke_gwas,4.76889,True,^cma7n,physical_therapy,standard,Other
cama,320.253,True,"^del2k,rta8y,ame3pd,jcn4rh,abd7pqh,jq2uw",md-inmd_cv_medicine,standard,SOM
aaaa,28.3956,True,"bm6ca,^aja5x",as-biology,standard,CLAS
peircecottlerlab,96.5714,True,"lt5bf,jl9pxc,ns4dg,kbc7vn,bac7wj,rc7gn,cl2dk,smr2we,^smp6p,jl5ef",md-biom_biomedical_eng,standard,SOM
bii_sdad_dspg,1451.47,True,"yl7m,xz6gb,afr9z,kkc2t,sp3sd,bls7m,zz3hs,wc3dn,scd3dz,ig5eq,cw9ma,kjl5t,sm9dv,jt4jt,tmc2z,ads7fg,at2tj,vm5nr,far3mr,vk3zj,gk8yj,dnb3k,ayw6d,gp4r,gdd4k,cbh3w,am8gy,tp2sk,as7ym,mcp5t,wa4bu,sh5rp,mes5bu,dt4xj,sec6sj,sak9tr,hh5su,nr3xe,kb7hp,cs7rw,itm3f,rmt6n,oh5nd,kt7hv,mj8sj,hj2ex,ms3mn,jrg3bs,nak3t,mew4kc,ar6zy,dsg3u,mv7qy,mc9bn,jv4yr,jpb8a,js2mr,mek2p,tkg9t,mc2zk,mof2n,ehm7af,dtn2ep,gf2qh,vr5pf,lp9kh,kks9w,jar7rx,kdf2gy,bz4ah,llh7e,cal5ed,dky3c,mth4t,cd8zu,sd4sa,smw8dy,sr2wm,val7zv,jb5un,sss5sc,jt9sz,kj7zz,eg5se,rb4ba,^jbs3hp,cpm9w,amm5ve",pv-biocomplexity_initiative,standard,BII
kucenaslab,13.8578,True,"^sk4ub,eab2dh,ajl7e,ka8jk,kel3fr,lf9r,mfa8hf,iw8fk,ats7ud",as-biology,standard,CLAS
mpgendtrain,11110.7,True,^enr2ac,as-economics,standard,CLAS
ds5559,2797.73,True,"teh1m,rs7wz,gka6a,^apt4c,ms5sw,acl5mt,ss4bz,sl3zs,hbf3k,ipk8gh,jmk2dj,fge8tj,sp8hp,na5zn,jtm4qx,hc8nd,alz9cb,raw6rr,mes7jt,dkm2bd,nd9hq,mtp9k,sss2ea,acc2ds,pdh2d,acw9gs,od9cw,pp3bd,fk3ak,dlf9zm,lmm8fb,sep4hy,km5ar,lmh3ge,maw3as,nb4dg,alb3cb,sbm5rg,bd6fr,mh4ey,ejd8zh,jm8ux,cam7cu,ga7er,ajw3rg,ph3bz,aew7j,ss9dj,acs4wq,smg2mx,cx2rx,mlb2et,mld9s,aa9yk,keh4nb,trr2as,ck3fz,rcl4x,rta8y,ejt8b,hab6xf,ams5zx,mrd7f,js2yp,adc6fs",ds-data_science_school,instructional,SDS
racastro,1833.39,True,"njj5pn,^rac5x,mfm2rha",as-astronomy,standard,CLAS
cherngroup,67671.4,True,"zf3ag,zt3xc,sz8ea,bkw1a,jl4yr,ls8vm,dz3vg,pz4ee,yl8qq,ps6fn,cc9rj,bh9vw,^gc6u,xh5fe",as-physics,standard,CLAS
distributed-2apl,65618.7,True,"^pb5gj,hpf7nw",pv-biocomplexity_initiative,standard,BII
location_research,1.00611,True,"rht6nf,^ynf8a,sw2hg,dpd3mr",mc-deans_admin,standard,Other
migroup,69776.1,True,"rjh6tug,ab8ky,bjw2qwf,^pvb5e,uhy5kz,rns4rf,nrw5cq,ejf5wk,ma9kd",en-mat_sci/engr_dept,purchase,SEAS
ltm_lab,394.702,True,"ilm5fp,yh5ek,ds9wk,^nml3kd",as-psychology,start-up,CLAS
haizhou,2716.81,True,"^hd6q,yp8xd,jw9un,ph3gc",en-mech/aero_engr_dept,standard,SEAS
dolatshahi_rivanna,5417.56,True,"^sd8us,mr3dn,sm3bu,sha3qk,alw8ef,re8sb,kag7stn",md-biom_biomedical_eng,standard,SOM
qdata-research,10.0094,True,"^yq2h,jm8wx,jcg6dn,jy2ma,ss7mu,as5cu,jjl5sw",en-comp_science_dept,standard,SEAS
wikidata2020,522.191,True,"^rca2t,trh6u,gtw4vx,jag2j,bl9m",ds-data_science_school,standard,SDS
cab_kerrigan_main,165659.0,True,"jt6dt,spk5vn,jrk3z,zs2re,dbm8ts,vb4fd,kr5df,mfm9wy,skt5ay,cmo3wu,was9p,hj2vq,sl5dq,rer5xu,^bg5ah,bmk2ck",en-cab,purchase,SEAS
rivannaaccess,41338.0,True,^lef2u,as-economics,standard,CLAS
dubayniblo,2276.44,True,"jkn7ax,^khd2t",as-chemistry,purchase,CLAS
uvahs-ds,16624.0,True,"rs3te,vb8n,spm9r,jca4hq,al7pu,jea7g,^bk4kb",data_science,standard,SDS
ncses_edu,16.0156,True,"jpr9c,^ads7fg",pv-biocomplexity_initiative,standard,BII
phys5630,0.547778,True,"^rjh2j,agg4hc,mvs2dq,fhl9yh,crm3wc,yc5kd,hz4yn,hrw4ck,cmn5kz,dag5jr,nb4yd,ajt4zb,cwc3cg,krf4fe,asa2rc,jr3er,sn9vp,gmm9uf,ss2gf,apt6qp,wl3se,rcw9gm,jtw5zc",as-physics,instructional,CLAS
morrislab,2377.85,True,"kl5ft,mrh4da,jc2dg,mzg7uv,mel7ck,amg9yn,am5sd,mk7kc,cag3fr,pab3rb,jcb2hh,ekw7nf,snc5ea,jsc7xe,sjb3px,ts7ar,mhm8yp,^jpm5jb,srb4g,clw9vd",as-psychology,standard,CLAS
cphg_so4g_rivanna,2399.03,True,^so4g,md-pbhs_public_health_sciences_admin,standard,SOM
collabrobogroup_paid,2719.15,True,"^ti3fe,msy9an,mi8uu",en-eng_sys_and_environment,purchase,SEAS
phys2660,100.164,True,"jnc8mc,wmm4xf,otg5nt,bb6yx,^rcg6p,vh3ea,ecs2pw,ms4tg,bsj7xxc,kkg6wda,asc6vtc,pmv8ev,dwu5cp,ls5ffe,drb5wqd,vrk4ds,ajw3ttr,mnd7yz,cl7dsn,da2ed,cch5myv,jjb6r,mfm2rha,eha8pd,tkh5ss,adt4qwz,ell8ct,das5pzq,bma3zyz,jy4hj,mb5ap,wrw2ztk,gmb8nj,sc3dpb,mkb2pv,bs2mz,ejk4ce,dcf5kwt,mgg5cyq,jll8uk,emm7sen,pt6rpf,wwm9zv,jtb7fb,bp2eb,bvb3vs,js5mv,iab4zb,mab2zq",as-physics,instructional,CLAS
guertinlab,1268.96,True,"ts2hx,bhn9by,abd3x,ac6hj,pp9z,sk8fz,^mjg7y,jbw8a,hcf2jwh",md-bioc_biochem/mole_genetics,standard,SOM
stking-lab,1600.58,True,"teh1m,dal7w,jmh5ad,^pf7h,jbt5am",as-dept_of_politics,standard,CLAS
chem3811,3700.47,True,"^bp2k,jtc3wv,les9fp,jsw2bb,th7eb,em2jk,bgg9pd,jll9wa,jwh8zc,let5mf,kkd7w,cf5mq,res2wb,cws7dd,dcj3wm,sf3hf,gkb6ks,ac2mx,kl2rj,msh6yz,dl6xf,edb2jy,rer5ws,wrw3ea,jog6kb,res8ch,slw3hc,jch3pw,mpj2yk,hns3nh,nej4bc,ms4sc,jht3xk,dml2sf,my3sq,vxw6ta,cwc7cs,kmm4ap,sas8hk,cas4aj,nrj7uc,seb9fg,ekt2hn,cc8bn,kem9rs,ma4gy,ag7jr,mp4sm,jhb3qb,arh6pd,ak8bb,btt6ae,kjm7hg,tjk2ga,tak4cz,tji8xg,aes4wk,sc3ce,ajp5nm",as-chemistry,instructional,CLAS
ghosh_sheikh,0.0,True,"sza9wz,^ag7rq",en-elec/computer_engr_dept,standard,SEAS
ghosh_sheikh_paid,25454.8,True,"sza9wz,^ag7rq",en-elec/computer_engr_dept,transfer,SEAS
dsone,6.38361,True,"le7jg,meb2fv,wa3mr,as3ek,nm4wu,ss8xj,rs8wa,soa2wg,ss4yd,svp4y,jaj4zcf,kk7nc,eg8qe,mp6kv,^deb,dd3ar",en-eng_sys_and_environment,administrative,SEAS
ultrasound,146.516,True,"ebh7em,ajd3ng,sg6ky,yx7pt,^jh7fj,ana8zb",en-biomed_engr_dept,standard,SEAS
gutintelligencelab,21979.5,True,"^ss8xj,le7jg,wa3mr,jaj4zcf,as3ek,nm4wu,ss3vy,rs8wa,soa2wg,ss4yd,ss3zg,deb,wpc2m,svp4y,ys5hd,jtm4qx,ss4bz,mes7jt,cm2rh,tkd2tw,pm2kb",md-pedt_gastroenterology,standard,SOM
uvawise_jamesvance,0.114167,True,"seb8dk,^jav6e,gls6ay",ws-dean_of_faculty,standard,Other
cab_forman_mdgo,0.00194444,True,"jlf3m,spk5vn,dp4db,^bg5ah",en-cab,purchase,SEAS
acubed,32.0344,True,"ss9ud,tp8pj,mcp3vj,lr2ua,ss8xj,rcs8bg,yl2vq,^rca2t",ds-data_science_school,standard,SDS
elmgroup,724.507,True,"jhk4bm,sn7sb,zd3cc,mf4yc,sr3qj,yl4ps,^ke4c",en-mech/aero_engr_dept,purchase,SEAS
quantum,4453.2,True,"xz7ab,rn2hs,me3nq,nc2bx,cc4us,^op6n,ngh6bax,ah6sr",as-physics,standard,CLAS
sds-capstones-spring21,0.0183333,True,"^jk8sd,jcb4ej,cms8ey,pc2sq,trm2yf,as5da,mb6fs,jst6jz,cas3hp,ao9au,brs2e,am4hb,sa4fa,naz6hd,mkd7q,lrh9wz,thd6tp,bth2g",ds-data_science_school,standard,SDS
mppgender,19060.3,True,"enr2ac,sb8xz,^srs8yk",as-economics,standard,CLAS
druzgallab,3393.13,True,"ptf8v,jcb2hh,jlf4m,mel7ck,rjn3ug,wvw3sf,cag3fr,amu4pv,lcc3d,le5dd,ank9g,abd7pqh,cgg4xa,lap9de,hcs5qb,btn6sb,^tjd4m,am5sd,rlh6hdj,asa4hj",md-radl_neuroradiology,purchase,SOM
collabrobogroup,29203.8,True,"msy9an,mi8uu,^ti3fe,rmm3ya",en-eng_sys_and_environment,standard,SEAS
somrc,0.43555600000000005,True,"nem2p,rkc7h,jsg4fd,hp7d,cag3fr,^vpn7n",unknown,standard,Other
dnasci,21.02,True,"jh4yd,jz4e,^yb8d",md-micr_microbiology,standard,SOM
macrogroup,627.068,True,"zz5vc,jm4bh,dal2am,se2uz,bd3h,gz5ud,alo3ja,dy5sx,js6ah,mps2k,^ey2d,jj5fc,gbc4gr",as-economics,standard,CLAS
phys-5640,0.544167,True,"ecj4wb,jmz5fx,sj9ry,wmm4xf,ms7wk,jnc8mc,kn8yt,ccc5nh,hhk8rj,bb6yx,jac3rd,jh7uq,arw8tc,bh9vw,^rjh2j",as-physics,instructional,CLAS
sheynkman_lab,88.4894,True,"^gs9yr,bj8th,nut4du,edf4n,mm5db",md-mphy_mole_phys_&_biophysics,standard,SOM
behnaz_lab,12051.5,True,^bm7mp,pv-data_science_institute,standard,SDS
uva-dsi-msds,4419.89,True,"rht6nf,tjv9qh,kw7me,sc4xc,bl9m,drc2qw,as6bw,jrm4ag,vg5vc,nle4bz,jbt5am,hc4qk,cj2qs,hc5hq,rz6dg,sj8em,jag2j,wz8nx,spm9r,sr2xn,mes3wv,sy8pa,ml8vp,ss8xj,baf7nx,ogk3u,khg8mh,ncc3ee,ay6wy,sw2hg,ctl7t,mr6rx,fy6vj,ns5kn,ss4yd,yl2vq,bs7md,ss9ud,kd2hr,amh3ze,ad2ew,vs3br,jmk2dj,jcn4rh,pk9t,jy4fch,yte9pc,cmp2cz,ana2cy,as9tq,trh6u,mjc7nz,cr4zy,gz6xw,hg5mn,mcp3vj,sv2fr,mj9hre,yx4pt,ss3zg,cmb5et,ly6pc,sk5be,amd6ua,cbh2ta,bl2fh,lhb7tz,ss3vy,klw5zj,jw8vw,by8jj,bk5pu,rk9cx,sa6jd,jh6rg,emg3sc,ace8p,js6mj,bls7cc,jl6zh,pgh9xe,jq2uw,bs2ux,gtw4vx,sl4bz,tbj2cu,bwh5v,mca8y,nh4mq,nb7ug,sam8sp,slk7s,ss8gc,kmm9zmv,asb4rf,mc9bx,dc2hd,jah3de,met8k,jh3df,mkj3c,vs4vx,yh7bb,ar5vt,jmc7dt,yk4we,tp8pj,ayl3yq,ekd6bx,mlt2jf,dv5mx,cla3bw,mz6jv,dr2de,nhb3zf,ap8qk,ss4jg,hmt6ra,rc3my,kk4ze,az8ec,nk4xf,ar7eg,as3uj,arg2eu,apt4c,rcs8bg,as3ek,yt9mh,as7cs,cr2st,^lpa2a,cc5dh,pb7ak,hab5d,fwb4cx,yaa2vb,na5zn,pf5aq,gb6ux,ga7er,jab7qw,jtd2tf,xl4xw,dz2fc,mhk9c,jhh7bd,gjy7kb,acc2ds,kms7cu,kaf5r,hbf3k,dp6tk,sss2ea,yw9et,dc9rk,rz3jr,jtm4qx,vm7gc,ngk3pf,kn3gs,mes7jt,nd9hq,mtp9k,hsj5ax,dv6bq,acw9gs,bcc5d,dpe8t,yl6qx,jc4jx,cm2rh,jmw2hy,lmm8fb,arc7dh,sep4hy,mo2cr,jz5jx,hh3cy,ekm4xz,alz9cb,lmh3ge,jw6mw,gmh9he,maw3as,pjc8cq,ams5zx,smg2mx,bd6fr,lc8ud,hk5kp,yj3tp,egl6a,bgd5de,raf2dh,jm8ux,yz3qw,cam7cu,sam3ce,ph3bz,js2yp,ssc4mc,acs4wq,jjr7mg,mar7dh,cx2rx,js8hh,ajg3eh,keh4nb,aol4h,trr2as,km5ar,jah2ax,ps4fk,ss8ch,lfr6d,kb3kk,dql8yz,nat3fa,dmf4ns,tr9sq,bmr4ru,mmn4sv,dja2dg,ipk8gh,xh2jg,es5cj,akp8vy,dh3by,ajo5fs,slf5dg,szk3tc,mrk9fx,hab6qc,ele4dq,hdm5s,jdh2e,bn6mm,jh4yd,an6wz,lbb3y,ja6mw,dbw2tn,dsh7pd,jdd5dw,bmf3bw,jl9bk,hsk9ep,kt2np,jal9kh,acw2et,sv8jy,ln9bv,glw6g,vct3ym,adp4uq,tsp3ts,tk6vw,tnl6m,ms9py,jj6jz,mf4us,aeb4rv,nb9pp,lns4pr,spc6ph,is3sb,aaw3ff,hso6b,eyy8k,gm3gq,sjs6ms,cxa6ky,jc4vg,od9cw,mh4ey,rcl4x,rr7wq,aa9yk,yl4dt,dkm2bd,ty5n,pp3bd,vra2cf,wsw3fa,rpy2zk,nk3rf,akc6be,ykd9ut,ctb4up,mcg4aw,jch5nb,sak3qf,ae4fk,aph7hy,rbc6wr,mkd8bb,ba2ac,me4bb,knf7vg,sk6tf,akp4he,tmw4kb,msl2t,agp7dp,ewp4x,uvg5bn,mds5dd,twt6xy,ynq9ya,qfu2fy,rub9ez,mds9b,vwv9sr,cm6ag,tnx7bh,rrm3nh,mry8ea,agt4vw,dbn5eu,xcd9nx,jak4as,hqe7rd,uqq5zz,jem3yb,cs8hj,njv7nc,pjk2wq,rzs5yf,gem5cm",pv-data_science_institute,instructional,SDS
gmausingml,8.02444,True,"^lmc8c,am4qw,svp4y,sp4ec",md-pedt_developmental,standard,SOM
cmda_vt_sdad,2.19944,True,"^gk8yj,nak3t,ahz5kh,enc4rk,sss9qn,mc9bn,dtn2ep,xsw4hp,skx5ac",pv-biocomplexity_initiative,standard,BII
janeslab,34.5128,True,"ajs7gy,dls5ce,lw8fb,cg3gh,ram3rm,ss4cf,bp5sq,mds5cg,ejp4gf,^kaj5f",en-biomed_engr_dept,standard,SEAS
rivanna-training,3392.93,True,"wa3j,rs7wz,mcb2x,mct9kr,vb8n,kk2wm,khs3z,mam7wj,mm9rj,bwh5v,ep9k,ys7jf,kjo7dm,akw7uj,as7pam,gka6a,bk4kb,ttk3pf,alw4ey,vs6j,sad6b,cg2p,ak8ef,zdl3gk,yc5ef,jah2ax,wr8yp,^kah3f,lh6am,eb8cn,jmh5ad,mdm3pd,ak5xu,mr2ep,del6h,edd6ym,jl9gx,zj3av,djs9c,dam8mt,mk7kc,srb4g,yh8a,alp3vr,arw4hz,dt4tx,bs8fc,yh8zpb,cdb8g,jy9bf,hg5mn,jjp2xr,cbm4j,hc2kc,grm7q,jg2bt,gbm5pn,ss8cf,rs9pd,phk5e,kcw7v,mal8ch,sg4dm,cry4b,met8k,rh3bf,qy5sy,chd5n,hp7d,yn9w,jl8gj,zx8t,bs6yk,aa9gj,ads7fg,jsp4cu,hmr3nt,sd5ee,bg4nq,cbt3qa,gsc8xw,as5ea,cm6yc,sgl4ca,lm3ju,seh2xp,yy3cr,cdb3nt,lyl5ra,sb9es,am5dm,vgs3mj,bkm3eq,aa5xs,acb2dm,sh5sz,skh7ca,ynf8a,ijs4ug,kb7hp,kbr3ed,ms3xy,ms8tz,jbs3hp,id8tm,ma4ch,meb7pz,jaa6c,le7jg,jcb2g,jl2zb,vln4hry,bwl3xy,sjs5c,sm8z,arm4ex,mdl3mk,bp5sq,ell2yvj,jls6sw,bra7y,lw8fb,ecr5ae,stg2s,rcm7e,rcc9vq,wep5cd,imo3zy,lah4wt,ssl2ab,sls3ub,ktn7sn,mcw9d,mdc6d,kh2ea,sp7kw,hs9hd,bz2s,jav7yv,am8cr,rmz4ed,rdp2n,mlt2we,cac6fk,dbk3aa,rcl4x,jf3pe,lfq5sj,smr5vm,nm2fs,nc4gn,jy2ff,as5xj,teh1m,tjw4kn,ajl5t,if4ww,pz4ee,fas9tq,sl5xa,jw7ua,bac7wj,mrs8n,sm6re,az4yg",st-vp_information_technology,standard,Other
phys1660,62.7706,True,"^bkw1a,ajw3ttr,sjz7xc,gjl8en,irs7bn,das5pzq,cmh5wz,tvs2asv,ajh5ae,cmk7xr,ls5ffe,awj9gbt,jah5py,oa3cs,ah3qzq,jlq3kq,sc9zg,fh4cb,kg5qh,mjg8pe,jec7que,jmd3ae,mch9pa,cat4rcc,bma3zyz,cch5myv,jcg8er,aa9zj,ss5ug,aai2ge,eha8pd,phm9x,edb9qu,ngc6sa,mbs4tk,bcb7az,wrw2ztk,kal8bp",as-physics,instructional,CLAS
gidi_ml,4463.37,True,"^hsm2v,fd4cd,sh9cq,kl9ch,pb3a,ss7rs,aa5ts,js9wv,sca2c,cw8xk,sms8fr",en-eng_sys_and_environment,standard,SEAS
christlab,1.00806,True,"^gjc8w,mr2ep",en-biomed_engr_dept,standard,SEAS
hirsh,2.92889,True,"ijk8qd,ane7sd,rms2jg,kc3fb,rpc5bd,mmk4r,itp2hk,^jh6u",as-biology,standard,CLAS
compmat,13376.9,True,"mh5wz,bkw6yd,taj8zg,kj3zd,cc5wa,cs5fg,sg7pb,eta3b,cw5xj,hh5mm,lg3yw,mvs9t,yx6tu,kgo8pk,mia8pb,^lz2n,asv2hj,ij5x",en-mat_sci/engr_dept,administrative,SEAS
nssac_nasa,2234.87,True,"dm8qs,aeb2de,^ss7rs",hs-biocomplexity_initiative,standard,BII
epstein_bme,306.654,True,"cs3bs,ma4bx,sq9qd,^fhe6b",md-biom_biomedical_eng,standard,SOM
bochkis_lab,4537.83,True,"ad7dc,jek4zy,ap2em,mam8mw,amp4se,^imb3q,nar7xa,cw6ac,ana3xs",md-phar_pharmacology,standard,SOM
cphg_mc2wq,15.8222,True,"ra2qy,jh9fa,ya8eb,rnp4zh,mc2wq,qy5sy,jnr3hh,wa3j,lc8ud,^rcl2r",md-cphg_ctr_for_public_health_genomics,standard,SOM
lasp,691.857,True,"kbs7dqw,gmm9uf,^car8r,gk3uk",en-mat_sci/engr_dept,standard,SEAS
pb-ag7rq,12836.8,True,"sza9wz,ft6aa,mm8by,jz9wp,yx3ga,me5vp,hv8rf,jm9yq,^ag7rq",en-elec/computer_engr_dept,purchase,SEAS
vico_hpc,5235.77,True,"mkb2pv,sp2ez,hjs4hx,ml7hc,gd5sz,^jpr8yu,mr8vn,ka8km",as-astronomy,standard,CLAS
micdgroup,31016.2,True,"rt4uw,tqh8pn,ma9kd,^pvb5e",en-mat_sci/engr_dept,start-up,SEAS
stressresearch,2298.13,True,"mm5gg,yg9ca,lnw8px,^jas9f",en-comp_science_dept,standard,SEAS
compmem,9990.81,True,"rk7af,kpd5n,bkw1a,bgj5hk,af5fn,smb9ku,erw3zv,tjm4u,^pbs5u,cl5th",as-psychology,standard,CLAS
abebayehuscrna-seq,6.1672199999999995,True,"thb4a,^da3g",unknown,standard,Other
cameron_griffiths,10586.2,True,^cg3gh,en-biomed_engr_dept,standard,SEAS
uvahydroinformatics,3.1266700000000003,True,"yc5ef,ys5dv,bdb3m,fz7xb,im3vp,abc8fq,^jlg7h,jtn2km",en-eng_sys_and_environment,standard,SEAS
seeds,163.808,True,"ss7rs,mvm7hz,asv9v,jpr9c,st6ua,^avm6bk",pv-biocomplexity_initiative,standard,BII
gomez_lab,2020.6,True,"rlp8c,vk5k,ad4gy,mfm6b,jh2ym,hw4z,smk5pp,pv4xb,oeg5qc,^sm8z",md-pedt_nephrology,standard,SOM
cphg-farber,20694.1,True,"aa9gj,arp4wb,ajm6q,imb9y,bma8ne,rcl2r,sh7qe,ols5fg,wr8yp,^crf2s",md-pbhs_public_health_sciences_admin,purchase,SOM
bii_nssac,293432.0,True,"pb5gj,aa5dw,awd5y,dlb6z,sd2pj,mo6xj,yc3rz,alw4ey,pjp2b,sv8nv,cm4su,jsp4cu,jc3qw,ssr6nh,er9ff,bl4zc,aa5ts,pat6q,el6yw,arw3s,sge3qp,cjk8gx,avm6bk,rs7vs,ss7rs,jw9vx,sdz5c,mvm7hz,rwk4gy,sh9cq,dx7fu,jts2rg,asw3xp,hsm2v,asv9v,dr3xx,bdk2pp,cc8dm,^dm8qs,ptc7bv,jho5ze,lms4r,ah8zf,mat3kk,an2adv,vm7gc,rb6xj,be8dq,gm7ps,cb5th,mr4sz",hs-biocomplexity_initiative,standard,BII
lukenslab,52.5833,True,"^jrl7n,hee2nb,ds3vz,aco5uv,kez9hf,ef2r,ceh7nj,anw2yf,ls4kr,ar5wz,jt2rf,kam6rn,nrn2k,que5kv",md-nesc_neuroscience,standard,SOM
phs_schildkraut,53.4403,True,"dlc4jx,rcl2r,xw9r,am3xa,wr8yp,^jms2yf",unknown,standard,Other
shenresearchgroup,8105.08,True,"^cs7dt,xw8cw,ky9tc,ym8ct,lf2by,cs7ync",en-elec/computer_engr_dept,start-up,SEAS
nabexperiment,35.1544,True,"nmv4kt,ls8vm,atb6em,jap7bd,^sfb5d",as-physics,standard,CLAS
fungcat,2.76194,True,"sciduct,aw4yd,im4qx,pb5gj,awd5y,yk8yb,za3df,aa5dw,sj6bh,cm4su,jlk6ta,jsp4cu,ms9yc,jho5ze,pa2qt,aj7kx,gz7hu,hc3mg,hl9rw,jw9vx,cwp5j,bdk2pp,icc6p,rs3jj,arw3s,lj6be,sh9cq,aap4a,asw3xp,br5tc,vac7p,asv9v,jpr9c,dm8qs,ag8qz,as5at,^sge3qp",pv-biocomplexity_initiative,standard,BII
bethune_econ,48889.8,True,"^zab2t,js6ah,tjw4kn",as-economics,standard,CLAS
gatc,7.16222,True,"yb8d,ajp7x,^ks5uq",md-path_research,standard,SOM
paceaquaticecology,0.21277800000000002,True,"cdb8g,^mlp5fy",as-environmental_sciences,standard,CLAS
pinderagroup,6638.6,True,"xw8zt,zh5bp,sy5gn,hc9xc,^mp3g",en-eng_sys_and_environment,standard,SEAS
brandpolitics,0.403333,True,"rv2p,bch5bs,ak8ef,pj2tk,^ssp5d",as-dept_of_politics,standard,CLAS
dutta_tumor,6750.57,True,"bw9bj,ss3ck,ys5h,tp2yq,mhp7ee,zs8b,pk7z,ac4ec,es8pm,ss7st,rp2qn,rkw4f,^ad8q,wss9fb,fas9tq,udp3f",md-bioc_biochem/mole_genetics,administrative,SOM
shakeri-lab,2696.91,True,"^hs9hd,ksm5k,neb8jn,sj5yq",ds-data_science_school,start-up,SDS
shefflab,96291.8,True,"yh8a,jts5pu,tld9kg,jps3dp,eg8qe,od5t,hc2kc,kk2wm,mjs5kd,jev4xy,mcm3ha,ag5ym,jtl2hk,rcl2r,gz5hp,^ns5bc,bx2ur,aca9pw,ys4aj,hj9yzk",md-pbhs_public_health_sciences_admin,purchase,SOM
vanhouten,955.38,True,^mjv8fq,engineering_graduate,purchase,SEAS
dubayjeffressjia,3924.01,True,"qj3fe,^khd2t",as-chemistry,purchase,CLAS
ppdwp,47.0653,True,"^rjh2j,agg4hc,crt9ag,jml7ctd,jmf3sg,dwu5cp,ajs5db,ipw2vd,vrk4ds,dh8cd,sc9zg,js5mv,qdq5wa,aln4t,mjm6jy,cat4rcc,yt4rs,jmz8rm,afh5rb,ms4azb,tw8rt,phm9x,smf5udc,gmh5dh,ld3jz,deg9hc,srr2yg,pjv4yj,lh6am,ecs2pw,znk6fp,scs9hs,rlh2kr,ajt4zb,gmb8nj,ell2yvj,ceb4gnn,xb4syf,pcc6vb,cem7bgg,cdb8sg,jt6fz,dkt3rk,bsj7xxc,ml6cz,ssc6ae,jid7da,tg4znf,afs2gvu,nb4yd,rmg5ft,ag5tc,ss9ae,cjk8ad,gc3kyp,srw9rx",as-physics,instructional,CLAS
manichaikul,38.0389,True,"ojh7gsy,xh6dx,bck3tm,ym7fm,rcl2r,cy6n,msv5wx,^am3xa,mm5db",md-pbhs_public_health_sciences_admin,standard,SOM
cab_panzer_main,84766.8,True,"sm8ma,bji3fa,tw2dx,jsg4fd,afc5b,mbp2q,wz5sz,^bg5ah,prb2qg,jr7qc,kar2ue,kk2tk",en-cab,purchase,SEAS
civeleklab_paid,580.08,True,"ra2qy,jh9fa,ya8eb,rnp4zh,klr5fk,qy5sy,jnr3hh,ra4uz,dyl3pc,js8hh,wa3j,gh8sj,am8ce,nda5bc,al2pg,^mc2wq,unz2ra",md-biom_biomedical_eng,purchase,SOM
mott-phys,631582.0,True,"^gc6u,zf3ag,pz4ee,sz8ea,cc9rj",as-physics,purchase,CLAS
hp7d_divid,26280.3,True,^hp7d,md-inmd_infectious_dis,standard,SOM
epling,35.1619,True,"^wse2t,lw7sz",en-chem_engr_dept,standard,SEAS
jcbnunez,16546.6,True,^yey2sn,as-biology,administrative,CLAS
huband-testing,23.8372,True,"^jmh5ad,mb3cr,rta8y",st-vp_information_technology,standard,Other
statzhangsgroup,23326.7,True,"ys5pe,yw5eq,hl5qd,^tz3b",as-statistics,purchase,CLAS
persistent,163.532,True,"ka4nq,pk5qz,kk5tp,spg5k,mc2zk,pp3kh,alw4ey,sv8nv,ab8qb,ss7hu,bl4zc,pc3qu,yr5fk,lap3q,msr2d,ssk3k,mvm7hz,ta8bq,dk2zu,ak9ug,msa6b,mg3qq,jpr9c,rk4xn,rk9hx,^dm8qs",hs-biocomplexity_initiative,standard,BII
fsrg,2047.78,True,"^hd6q,yp8xd,jk3vz,yg6nc,wz7ap",en-mech/aero_engr_dept,standard,SEAS
abounaderlab,1.0133299999999998,True,"mkg7x,cjd7ua,pk7z,qx3k,yz5h,^ra6u",md-micr_microbiology,standard,SOM
cab_cluster_users,0.00833333,True,"kar2ue,vb4fd,cwr2tn,mam3wn,cme2kd,afc5b,zs2re,mbp2q,sl5dq,rer5xu,ds2gy,kr5df,jsg4fd,mfm9wy,was9p,mkj4xz,wz5sz,sm8ma,jz2ru,dp4db,dbm8ts,bjp8ce,skt5ay,jpd3q,mak3wd,^bg5ah",en-cab,purchase,SEAS
quinnlab,1657.28,True,"js4yd,njw7mcv,mp4sm,smj5vup,ss9vz,hk3sku,rms5rf,^jdq6nn,krr3wf,smg2jj,hzl5md,cdb2xf,dcl3nd,mft7vw",en-eng_sys_and_environment,start-up,SEAS
romac-comp-group,742.217,True,"xd9fw,wp4ty,mcc4rh,jab6ft,ng3nn,pjs4hw,zk7zk,zh2vz,^cw2xw,eth2uw,nrm6dr",en-mech/aero_engr_dept,administrative,SEAS
tumi,346.699,True,"mac9jc,jap8r,clh4he,gbm5pn,^glm5uh,mj4pw,jl2cr,hg5mn,cac4an,btb6w,aln2j,ss8cf,sp5fd,yas6hc,jqr7yt",md-pedt_gastroenterology,purchase,SOM
park-group,2131.2,True,"^bp6v,yk4we,tw8re,sr5ae,gd5ss",en-eng_sys_and_environment,standard,SEAS
cines,0.000833333,True,"^cjk8gx,sciduct,ssr6nh,hlc5v,jpr9c,dm8qs,lhm4v,jdp8jb,ak8mj",pv-biocomplexity_initiative,standard,BII
cleevesastrochem,7459.75,True,"arw6qz,da4vn,cl5bf,jpr8yu,ras8qnr,cr8s,rrm7dv,nb2ke,^lic3f,ryl3t,jmr6j",as-astronomy,standard,CLAS
esnl,132966.0,True,"mr3mn,sr3qj,mm3qb,^mz6g",en-elec/computer_engr_dept,start-up,SEAS
howard-epstein-lab,1171.69,True,"^hee2b,akh6u,eh9hg,mms3sh,ksh5s",as-environmental_sciences,standard,CLAS
chen_mobilityresearch,530.592,True,"wj5tu,zz2kh,^tdc9c",en-eng_sys_and_environment,standard,SEAS
floro_nanomaterials,4485.48,True,"pvb5e,^jaf9r,as5fj,mal9hm",en-mat_sci/engr_dept,standard,SEAS
hpc_build,27.8475,True,"teh1m,jap3z,gp4r,dlp7y,amb3xa,rs7wz,mc2zk,cag3fr,gka6a,jpr9c,jmh5ad,khs3z,^kah3f,dnm7vk,wr8yp",st-vp_information_technology,standard,Other
mae-yy,3544.17,True,"cz9pk,hh4rx,^yy4ab,yp8xd",unknown,standard,Other
bii_sdad,16832.2,True,"cpm9w,eo9tv,kal9hq,jt4jt,sak9tr,dtn2ep,nr3xe,amm5ve,jc3qw,gk8yj,lac2ch,jrg3bs,kb7hp,nak3t,jbs3hp,tp2sk,val7zv,kjl5t,cw9ma,sss5sc,jt9sz,^ads7fg,gxk9jg,qej5as",pv-biocomplexity_initiative,standard,BII
dubayjia,62.9667,True,"qj3fe,^khd2t",as-chemistry,purchase,CLAS
hlilab,15792.0,True,"sba5k,lnp5au,llf3r,jme5fe,ss7mh,sh7qe,zx8t,xs5jh,^hl9r,at7kd,mlg5mj,vln4hry,fq9m,sl7hx,jae9kgd,amg6zmh,ctp2ep,ack9ge,jrc3hg",md-path_research,administrative,SOM
hilinskilab,679.8380000000001,True,"^mh6cu,slj8dj,jml5sn,me7tc,aed3yk",as-chemistry,standard,CLAS
hep_aag,624.624,True,"mvs2dq,bt3qzd,ecj4wb,seh9gb,ms7wk,wmm4xf,sb8es,wc5qd,rcg6p,ecd3m,hh3bm,bb6yx,btt3zc,bh9vw,^re8m,gtf9nz,tgh7hx",as-physics,standard,CLAS
isaksonlab,120.48700000000001,True,"car9rp,mal3eb,^bei6n",md-mphy_mole_phys_&_biophysics,standard,SOM
phys-rivanna,4.00111,True,"alt3zq,mpb3s,hl4gq,kfp7es,ar5xc,rjh2j,mab3ed,mv8h,rcg6p,xz5y,tdg5cs,lc2fc,dmw7gs,dp5m,ccn4g,dla9bc,kv5wr,dfd4bf,ssp9xc,kab9gd,jw9yj,hbt8r,or,^bkw1a",as-physics,standard,CLAS
salernolab,2932.44,True,"mjv8fq,ms5pc,rz3hu,mma7xn,xw4na,jw4re,zw5eg,^yy5cc,nz5vb,jte6p,pr3gg",unknown,standard,Other
biocomplexity,248278.0,True,"pk5qz,kal9hq,awd5y,ki5hd,na6uw,yl7m,jbs3hp,xz6gb,afr9z,st6ua,fwh3zc,kkc2t,sp3sd,mf3jh,lw8bn,mm5yg,ah3wj,jd5ed,ptc7bv,bls7m,pat6q,ec4kj,gw6tm,jm9wg,vm5nr,jw9vx,sc2pg,bdk2pp,ss7mu,sh9cq,dep7sc,hw4ce,kp7xc,teh2h,cb8wn,jdp8jb,aek6p,cw9ma,clb5xe,kjl5t,sd2pj,dx7fu,am4rz,hlc5v,ss4bz,lac2ch,as3kv,ads7fg,pp3kh,at2tj,tsk8va,sv8nv,jsp4cu,aeb2de,ssr6nh,vk3zj,bl4zc,gk8yj,dnb3k,ayw6d,gdd4k,el6yw,jpr9c,dm6ek,cbh3w,avm6bk,ss7rs,am8gy,mvm7hz,cra2z,pks6mk,tp2sk,pd9dz,yy4vu,ds5yb,jtt9u,yc3rz,dc4fj,er9ff,as7ym,mcp5t,wa4bu,asv9v,cmc9a,jmh5ad,dmh3ce,sciduct,rr7nz,pb5gj,mes5bu,dt4xj,sm9dv,bh3an,sak9tr,za3df,nr3xe,af5kj,cm4su,kb7hp,ap3ub,ab8qb,ss7hu,mb6xn,ms8jd,cs7rw,gm9nr,rm5zf,kt7hv,mj8sj,hj2ex,sge3qp,cjk8gx,ssk3k,ms3mn,cek2z,jt4jt,jrg3bs,nak3t,spd8r,msa6b,gj3bg,dk2zu,lhm4v,mew4kc,sec6sj,ent4pn,ar6zy,jts2rg,dsg3u,asw3xp,kh8fb,mv7qy,wc3dn,rk4xn,hh5su,jv4yr,rmt6n,ka4nq,ad2du,jpb8a,aa5dw,arw3s,tkg9t,spg5k,mc2zk,mof2n,dtn9rk,dtn2ep,rm5nz,vm7gc,alw4ey,pjp2b,mo6xj,lp9kh,sg7xz,jc3qw,jho5ze,kks9w,jar7rx,kdf2gy,bz4ah,aa5ts,ar8aq,llh7e,dl5me,cal5ed,yr5fk,lap3q,dky3c,mth4t,cd8zu,msr2d,sd4sa,sdz5c,ag8qz,smw8dy,rwk4gy,ta8bq,far3mr,sr2wm,rk9hx,val7zv,jb5un,sss5sc,mg3qq,jt9sz,hsm2v,kj7zz,kd6ev,ci3uz,cc8dm,^dm8qs,zm8bh,ak8mj,ap4tq,lms4r,ah8zf,mat3kk,amm5ve,cpm9w,eo9tv,gka6a,be8dq,pev2n,mgh3x,acs4wq,bzz4bd,wuu6wm,czx4tk,wha8ru,km5ar,fd4cd,kl9ch,oh5nd,pb3a,ert3wa,bcc5d,js9wv,cw8xk,sca2c,od9cw,sms8fr,ahz5kh,enc4rk,zq5au,hkz8wk,ae3xd,gh7vp,gm7ps,cb5th,khs3z,kah3f,mr4sz",pv-biocomplexity_initiative,standard,BII
dubaycheng,6274.97,True,"^khd2t,ac7rf",as-chemistry,purchase,CLAS
dubay-career-nhu,1941.09,True,"nqn7kb,^khd2t",as-chemistry,purchase,CLAS
melizalab,0.14083299999999999,True,"^cdm8j,ag4fn,fa5ed,ckf5fh,ken4t,kah2tv,smm3rc,mcb2x,lgk5fe,yl6tm",as-psychology,standard,CLAS
connelly_lab,10.6311,True,"mrh4da,mel7ck,hp7d,ts7ar,jsd5zs,^jc2dg,cas7vp,am5sd,enk2us",as-psychology,standard,CLAS
qcliu,53290.2,True,^ql5jg,en-mech/aero_engr_dept,standard,SEAS
cms-ai,2864.79,True,"aeh2q,rs3te,vb8n,spm9r,wrc3j,al7pu,jdm9y,vi2t,jca4hq,jea7g,^bk4kb",data_science,purchase,SDS
ds6011_fall2020_online,1811.37,True,"^rca2t,trh6u,mca8y,ml8vp,ctl7t,jrm4ag,amh3ze,yte9pc,ad2ew,nle4bz,sa6jd,tjv9qh,kw7me,hc5hq,gtw4vx,jag2j,bl9m",ds-data_science_school,standard,SDS
chase-pcore,1991.34,True,"sd6tf,kp3ux,sk7vy,as4ez,yz6me,el5fr,mkb4vb,rk4wv,ik8zf,pk4qr,rpg9z,mv5g,fb4nq,mg2vw,ag6by,kf3md,mb9zp,mc6rt,ak8gr,im5rd,aks6f,njr7n,os4jz,pc4km,ber2a,fa2wh,mr9hz,bb7nj,bb6kx,af9eh,bs8zq,tl7wx,nhd2g,sm4dd,hs7gj,jml8cg,yj3xz,ehl8v,pk4tz,skg9v,wh5yx,gl2yb,bh4ag,cc7vw,tz9rj,rc4kc,ad9ap,aa4rt,dc2yy,pk2xa,tt9vy,ah5zs,vv9aj,cal6p,ke9fc,mvo8s,jm6zs,jpr9c,ds5np,jr2wb,co8xm,jl6mn,jwd,jj8cs,db7vs,^atn5vs,an7uu,hsk4p,snb4w,sb7px,to2cu,jjp3n,ene6jn,hnk7rv,htx6nk,hd7gr,ym8ct,fzg8sx,vdk5pd,ete9pu,mg2hk,ryx5ac,xsr3hp,zzs5vb,ztm3hq,jje7sd",en-elec/computer_engr_dept,standard,SEAS
nicksdisks,20976.8,True,^nb2ke,as-astronomy,standard,CLAS
peircecottlerlab_paid,430.5,True,"^smp6p,smr2we",md-biom_biomedical_eng,purchase,SOM
berglandlab,48056.6,True,"yy3ht,ab5dr,jho5ze,krb7ke,db4ua,rjp5nc,lph2yr,pae3g,csm6hg,bal7cg,cat7ep,kbb7sh,caw5cv,tn6a,^aob2x,yey2sn,ar7jq",as-biology,purchase,CLAS
stat-shan,32.9561,True,^sy5jx,as-statistics,standard,CLAS
nssac_covid19,115041.0,True,"pb5gj,aa5dw,awd5y,sak9tr,mo6xj,ads7fg,alw4ey,pjp2b,sv8nv,cm4su,mf3jh,jc3qw,ssr6nh,jho5ze,bl4zc,gk8yj,yc3rz,mb6xn,ap3ub,ar8aq,ptc7bv,pat6q,jtk5x,sge3qp,avm6bk,ss7rs,jw9vx,mvm7hz,rwk4gy,jbs3hp,cb8wn,sh9cq,ds5yb,jts2rg,val7zv,jrg3bs,asw3xp,clb5xe,sss5sc,hsm2v,asv9v,dx7fu,bdk2pp,cc8dm,^dm8qs,lw8bn,zm8bh,ah8zf,bh3an",hs-biocomplexity_initiative,standard,BII
cab_forman_main,66909.5,True,"spk5vn,bg5ah,dp4db,^jlf3m,mfm9wy",en-cab,purchase,SEAS
som_infc_dis_mathers,1310.62,True,"keb3rm,ajm5b,hp7d,js5ct,sc5ma,hsg4f,as6tc,jea7g,kbv7c,amw8bq,sb2pp,^sk5du",md-inmd_infectious_dis,purchase,SOM
pb-ag7rq_unpaid,2310.81,True,"sza9wz,ft6aa,mm8by,jz9wp,hv8rf,me5vp,yx3ga,jm9yq,^ag7rq",en-elec/computer_engr_dept,standard,SEAS
travelbehavior,553.023,True,"zj3av,^asm7v",ar-planning_dept,standard,Other
jingjing_lab,2681.44,True,"jz9br,cy4qb,yt9mh,^jl9rf,sm2wrt,sas3xv,mn6rf,kl7yb,az4yg",mc-deans_admin,standard,Other
brain_lab,23143.5,True,"^ah6rx,at5cf",en-eng_sys_and_environment,standard,SEAS
softcomp,42.1319,True,"afc8q,ekp2jk,bd8fx,jz4bk,ddd4kq,am4ed,^sae6z,prm3xa",as-chemistry,standard,CLAS
campbell_lab,327.603,True,"mc5wp,njc5r,yl7mfw,tcc5wn,jnc4e,mj5an,lsk3va,nms8hv,ea7ga,ag8zuw,vot9ev,^rf3x,ryl3t,rrb5v,anw2yf,dcs8vg,es3jk,vag2pg",as-biology,standard,CLAS
cdt_computing,394.579,True,"^lsf8n,pc2jx,ms3by,jh8be,mb6nt",md-inmd_endocrinology,purchase,SOM
clinical_analytics_lab,1842.67,True,"jca4hq,ajb5d,rl8z,jv4w,^wrc3j",data_science,standard,SDS
class-vislang-fall20,11.2397,True,"^vo2m,mb2vj,wy7yv,yg3ca,jx8fh,es6xs,jmc2fz,yl5nx,rs7uxf,rw9fs,kk2dh,yz4hc,fl3es,axw3at,qed4wg,kd4wa,zp5hv,zt9yz,rb6xj,sy8cd,rsb4zm,csf8mb,wa6gz,cc8da,aws9xm,mf8nd,mp3wp,ts2ww,hy3dt,yw7vv,asl2yhs,zb3qk,mw6td,jr4fs,jjj6qt,daw3yn,ys5kh,jt5uc,zh4zn,hp4hz,sd4dw,tt9b,ts8dv,nm9ur,ah2ph,hm6ex,pw7nc,sc9by,hh2xu,ar8aq,ap6bd,dz5se,cwp5j,az4xfp,pa5ab,ist5te,wp6ju,jw6qs,ehb2bf,rrk9xd,yy4xh,pbs5kx,jy2ma,gj3bg,cr2fv,vlb9ae,as3ek,ms7nk,ds5yb,ap3ub,rrk7pb,rak3me,ms5sw,csn5aw,nm4wu,dc9db,jr6ff,lg8sp,tl2sf,yh2uq,smm7rv,ahs9vt,jk2mf,dw3zn",en-comp_science_dept,instructional,SEAS
cab_salazar_plv,0.0,True,"bg5ah,cme2kd,pcg6tz,bjp8ce,^rss2t",en-mech/aero_engr_dept,purchase,SEAS
sanketk_research,457.99699999999996,True,"el3z,jps2bd,ra7kv,^sk6ux",mc-deans_admin,standard,Other
yhwang_lab,3038.66,True,"nda2dj,hmr5qk,ss7mh,nm4tr,^yw4b,arb4vn,rna4yhh",md-bioc_biochem/mole_genetics,standard,SOM
socialsim,8458.72,True,"na6uw,ad2du,cv6cg,pb5gj,as3kv,alw4ey,mf3jh,mm5yg,gk8yj,dm6ek,rm5zf,gw6tm,jm9wg,cjk8gx,ss7rs,jbs3hp,gj3bg,pd9dz,yy4vu,dx7fu,ab7rf,kh8fb,jpr9c,dm8qs,cmc9a,^mo6xj,hs5vd,dlb6z",pv-biocomplexity_initiative,standard,BII
moblab,908.331,True,"ma4cp,hzl5md,tl6gk,cma9j,ms4qg,^dkh2a,ay8tb",en-eng_sys_and_environment,standard,SEAS
akcytof,350.046,True,"^abk4j,akh8zm,tpr7zk",unknown,standard,Other
wulab,65.6425,True,"yg5ap,^mw4yv",as-biology,standard,CLAS
realself2020-21,53.9939,True,"^rca2t,ad2ew,tjv9qh,nle4bz",ds-data_science_school,standard,SDS
bme4550,267.068,True,"peg4gk,shr6uf,sgk7es,mjz5zf,lsb2rs,ypl3cw,tms4ev,srn2vb,hn9zj,sh4wk,sei3hk,jeh7em,cyl6cx,rp5be,les9fy,cym7sf,^mc2wq,nsa3av,ns4dg,nid5xq,jj4em,fb7yg,ed4bu,ahs3zq,gag5ua,zvt3fn,kyk6uj,sha3qk,mic5jy,akm4dh,rc3ve,mr3dn,ecb3qb,sg2dk,zs5fe,cjg3kh,jgk7uf,sg2hf,wrr2wf,mht8tt,smt5qa,ak9za",md-biom_biomedical_eng,instructional,SOM
zunderlab,397.866,True,"sg4dm,alv5b,kif5qw,cmw6pa,abk4j,eap3zr,^ez8v,akh8zm",en-biomed_engr_dept,standard,SEAS
statzhangsgroupcondo,15026.4,True,"mtp9b,yw5eq,ys5pe,hl5qd,^tz3b",as-statistics,purchase,CLAS
pibeta,2.0075,True,"mgv4ce,kcp6at,bkw1a,as4px,vab9g,wf5eq,hl6ze,jaf2qc,mcl4v,cjg8de,sfb5d,kmc2yx,ef2p,^dp5m",as-inst-nuclear_&_particle_physics,standard,CLAS
starformationtheory,11312.5,True,"pkk4hu,hy4px,sss4ye,dcj3wm,zdl3gk,rrm7dv,cc6pg,kl4sf,^zl4h,yt2cr",as-astronomy,standard,CLAS
cphg_cz3d,49623.9,True,"mt9tz,hz9fq,zvt3fn,sh8tv,zw5j,cz3d,^rcl2r,jkx9nz,tzp6pz",md-cphg_ctr_for_public_health_genomics,purchase,SOM
okusa_lab,144.501,True,^np9qe,md-inmd_nephrology,standard,SOM
csblrivanna,10374.4,True,"tjm4k,glm5uh,lrd3uu,dap5mb,mj4pw,mac9jc,ljd6ab,med4jn,^jap8r,bvd5nq,ddp5rq",md-biom_biomedical_eng,standard,SOM
stainslab,17171.7,True,"^cs3dh,ry5hm,hs5tv,ms8rr,yf8ae,dsd3na,tgw3br,fb5xf",as-chemistry,standard,CLAS
phys-5630,188.13099999999997,True,"alt3zq,kn8yt,jfh8wm,wl3se,jmz5fx,ms7wk,acw6ce,kfp7es,ayj5cj,ccc5nh,nc2bx,mdd2sy,mrw3te,adr4zs,al8fm,ls8vm,zx9sd,pjf4qr,lc6fe,atb6em,htn3r,nj2nu,sy6sc,acc5dn,wz8he,sj9ry,jk6nd,yc7cp,jab7bp,yx9dj,mlj5j,cmn5kz,wmm4xf,ll4pv,sb5xa,ecj4wb,ms7ga,bl3cq,jac3rd,ps6fn,arw8tc,bh9vw,jy2ff,sl8ny,ly6xtj,bkw1a,cjg8de,qj3fe,ah4gb,bcs8dn,aze5tn,hhk8rj,bb6yx,jnc8mc,cc9rj,ttt5kq,^rjh2j,cwc3cg,mvs2dq,fhl9yh,crm3wc,gmm9uf,hz4yn,hrw4ck,dag5jr,nb4yd,krf4fe,asa2rc,ajt4zb,yc5kd,agg4hc",as-physics,instructional,CLAS
syscapstone,179.072,True,"^ti3fe,sa3ag,na3au,es3hd",en-eng_sys_and_environment,instructional,SEAS
viva-hpc,363.63699999999994,True,"hl2uc,rz8bc,ns8va,rs9vj,hed3qf,hm5au,av9g,sm5vp,tb2ea,mfs4rd,nt5rc,jw4hr,ttl6xa,^sa4e",,standard,Other
wrf_team,1.2733299999999999,True,"xz3ts,mim5nc,nb6ak,gd6s,rp2zd,dac8ba,^sfd3d",as-environmental_sciences,standard,CLAS
exsite,757.158,True,"ag4ar,twp4fg,emt3uq,ka8bd,^peh4v,dho8rd,mm9bq",en-mech/aero_engr_dept,purchase,SEAS
coordinated-systems,592.736,True,"wpg3fa,cn9xr,ssl4jf,mae3tb,hj2bh,ms3yq,mb4bw,eth6re,cmr9ry,sa3ag,jtb3ay,ram8ny,js3cn,bca2r,^cf5eg",en-eng_sys_and_environment,standard,SEAS
zanglab,1636.83,True,"ah2uf,sh8tv,jsb8vs,yc5np,yz4hc,jc6dqy,sp5wd,ssm6s,aml7hqv,mk2te,yw3bd,hz9fq,kjd4pks,zvt3fn,ejd5mm,sk9uth,tnc7yz,mt9tz,rlw9nk,rs8cp,yf7qq,acv3by,ean4tp,zw5j,xq8zu,sn7mq,bgk5ck,jy2ma,csh4bj,chd5n,arc6jhk,mg3fh,wm9tr,ds3xf,zl4ej,jw7ua,mjb6ep,eap2wq,^cz3d,st5gur,amp9cd,azh5kn,ahm5jj,cx3ek,kkd7tu,lmk8wv,zg4jc,tk6ar,jev4xy,bs6yk,jws6pq,jkx9nz,ku2yb,tzp6pz,scs8kcb,npl2ku,kn7wz,ml9uu",md-pbhs_public_health_sciences_admin,standard,SOM
sds-capstones-kropko21,16684.6,True,"^jk8sd,alz9cb,ph3bz,js2yp,pb7ak,keh4nb,jz5jx,sep4hy,jpr8yu",ds-data_science_school,standard,SDS
hydrosense,4666.24,True,"hk5kp,hml5rn,phk5e,cld9mt,^vl9tn,gp3vd",en-eng_sys_and_environment,administrative,SEAS
drligroup,4978.06,True,"zx2cx,obh5pq,^xl3p",en-mech/aero_engr_dept,standard,SEAS
machandft,148303.0,True,"slh3bf,jm5kj,awn5fd,jmd6km,ec5te,^cwm5b,prm3xa",as-chemistry,administrative,CLAS
cphg,13.685,True,"ma5bf,ef8j,ab6cx,jev4xy,jps3dp,gc8r,xw9r,alb9b,an6wn,ym7fm,kmn4mj,tsl3cx,wa3j,zw5j,to9s,ch2um,ert3fa,jmd9fe,wm5wt,dw2vr,bma8ne,js8hh,ar7jq,ojh7gsy,cm6bt,ji3x,kag8c,hz9fq,aag4h,sh8tv,jcm6t,un8x,rrp4c,kgk6u,mad6kj,ys2af,kk2wm,ccr5ju,prc4n,ra2qy,jtl2hk,wc9c,zz8e,udp3f,cy6n,jnr3hh,ssr4n,ya8eb,xh6dx,mc2wq,ks7jh,imb9y,ljf4h,ldm2v,ols5fg,jh9fa,chd5n,crf2s,clb2e,bmd5bc,gmc7e,rnp4zh,amt2ug,ns5bc,bck3tm,od5t,aa9gj,sde2c,zvt3fn,wr8yp,cz3d,sjp6d,rs8cp,qy5sy,ba3fw,mjs5kd,so4g,am3xa,ltj8z,^rcl2r,nbb5vf,dam8mt,mt9tz,bx2ur,jag8jh,hzf8dk,tzp6pz,dyq4ja,eg8qe",md-cphg_ctr_for_public_health_genomics,standard,SOM
li_connor_contextual,508.85699999999997,True,"^ynf8a,lbb4mm,jcd2vh",mc-deans_admin,standard,Other
petrilab,583.224,True,"ho4pp,^cg2p,hp7d,gka6a",md-inmd_infectious_dis,standard,SOM
harman_research_group,4445.16,True,"mw6nu,srs6fq,kw4pz,mhs4da,ehh5tb,kdw9e,jtw6st,jdd7ed,adc6cd,jhw3au,js8tc,ekp2jk,^wdh5z,ws5vhd,me7tc,ps3cf",as-chemistry,standard,CLAS
computation_poongroup,122.649,True,"xl6ba,pz4ee,ctm7sf,^sjp9x,jq4xa",as-physics,standard,CLAS
joneslab,19629.2,True,"bgr6ya,^rrj3c,aa4zp,lc2av,ch9fa,sk9er",as-physics,standard,CLAS
amr_services,673.255,True,"keb3rm,aer2q,hp7d,sk5du,kbv7c,amw8bq,^ajm5b,jc3vg",md-inmd_infectious_dis,standard,SOM
fashion,730.28,True,"yc5vb,^ynf8a,ly6pc",mc-deans_admin,standard,Other
